"Date","Name","Event","Review"
"4/4/2025, 2:19:52 PM","bhnjnjk","kjkh","jhujhkmnj"
"4/4/2025, 2:20:04 PM","jnm","nmkmkm","hjmkuhnkjhjin"
"4/4/2025, 2:24:17 PM","hhj","jijiiok","kmkmkmkmm"
"4/4/2025, 2:24:51 PM","jujij","kjk","jjkmkkj"
"4/4/2025, 2:33:03 PM","mkml,","ml,lmm","nkiuuuuuuuuuuuuuuuuuuuuuuuuuuuuuuuuuuuuuu"
"4/4/2025, 11:21:34 PM","jokok","ijkolpppppppppppppppnnnnnnn","mmmmmmmmmmmmmmmmmmmmmmmmm"
"4/4/2025, 11:22:39 PM","aditya","kumar","singh"
"4/4/2025, 11:25:17 PM","kijklk","hackfestaaaaaaaaaaaaaaaaaaaaaaaaa","aaaaaaaaaaaaaaaaaaaaaaaaaaaaaaaaaaaa"
"4/5/2025, 1:23:43 AM",",,ml,","ll,ll","lll,l,"
"4/5/2025, 1:25:16 AM","jmkml","ml;;[;","ml,ll,,,,,"
